,key,PrimaryRef,CarniBinom,Food.type,CD.values,Valid.values,Difference,Re-entered,Reason,Re-entered with reason,Correct,Error
1,"Amroun, Mansour, et al. ""Feeding habits of the common genet (Genetta genetta) in the area of Djurdjura, north of Algeria.""·mammalia·78.1 (2014): 35-43. Genetta_genetta Anthropogenic","Amroun, Mansour, et al. ""Feeding habits of the common genet (Genetta genetta) in the area of Djurdjura, north of Algeria.""·mammalia·78.1 (2014): 35-43.",Genetta_genetta,Anthropogenic,7.69,NA,NA,14.91,Not entered RFO,7.69,Yes,
2,"Amroun, Mansour, et al. ""Feeding habits of the common genet (Genetta genetta) in the area of Djurdjura, north of Algeria.""·mammalia·78.1 (2014): 35-43. Genetta_genetta Bird","Amroun, Mansour, et al. ""Feeding habits of the common genet (Genetta genetta) in the area of Djurdjura, north of Algeria.""·mammalia·78.1 (2014): 35-43.",Genetta_genetta,Bird,53.8,NA,NA,53.8,CarniDIET is correct,,,
3,"Amroun, Mansour, et al. ""Feeding habits of the common genet (Genetta genetta) in the area of Djurdjura, north of Algeria.""·mammalia·78.1 (2014): 35-43. Genetta_genetta Egg","Amroun, Mansour, et al. ""Feeding habits of the common genet (Genetta genetta) in the area of Djurdjura, north of Algeria.""·mammalia·78.1 (2014): 35-43.",Genetta_genetta,Egg,2.14,7.56,-5.42,7.56,CarniDIET is more correct but still error,3.12,No,-0.98
4,"Amroun, Mansour, et al. ""Feeding habits of the common genet (Genetta genetta) in the area of Djurdjura, north of Algeria.""·mammalia·78.1 (2014): 35-43. Genetta_genetta Invertebrate","Amroun, Mansour, et al. ""Feeding habits of the common genet (Genetta genetta) in the area of Djurdjura, north of Algeria.""·mammalia·78.1 (2014): 35-43.",Genetta_genetta,Invertebrate,132.19,41.08,91.11,168.75,CarniDIET is more correct but still error,144.03,No,-11.84
5,"Amroun, Mansour, et al. ""Feeding habits of the common genet (Genetta genetta) in the area of Djurdjura, north of Algeria.""·mammalia·78.1 (2014): 35-43. Genetta_genetta Mammal","Amroun, Mansour, et al. ""Feeding habits of the common genet (Genetta genetta) in the area of Djurdjura, north of Algeria.""·mammalia·78.1 (2014): 35-43.",Genetta_genetta,Mammal,96.93,236.66,-139.73,96.93,Not entered RFO,236.66,Yes,
6,"Amroun, Mansour, et al. ""Feeding habits of the common genet (Genetta genetta) in the area of Djurdjura, north of Algeria.""·mammalia·78.1 (2014): 35-43. Genetta_genetta Plant","Amroun, Mansour, et al. ""Feeding habits of the common genet (Genetta genetta) in the area of Djurdjura, north of Algeria.""·mammalia·78.1 (2014): 35-43.",Genetta_genetta,Plant,80.7,189.44,-108.74,84.99,"Not entered 'others' and only included 'fruit', as well as not recorded RFO.",80.7,Yes,
7,"Amroun, Mansour, et al. ""Feeding habits of the common genet (Genetta genetta) in the area of Djurdjura, north of Algeria.""·mammalia·78.1 (2014): 35-43. Genetta_genetta Reptile","Amroun, Mansour, et al. ""Feeding habits of the common genet (Genetta genetta) in the area of Djurdjura, north of Algeria.""·mammalia·78.1 (2014): 35-43.",Genetta_genetta,Reptile,6.28,14.34,-8.06,14.34,Not entered RFO,6.28,Yes,
8,"Arjo, W., Pletscher, D., & Ream, R. (2002). Dietary Overlap between Wolves and Coyotes in Northwestern Montana. Journal of Mammalogy, 83(3), 754-766. Canis_latrans Bird","Arjo, W., Pletscher, D., & Ream, R. (2002). Dietary Overlap between Wolves and Coyotes in Northwestern Montana. Journal of Mammalogy, 83(3), 754-766.",Canis_latrans,Bird,9.4,9.4,0,,,,,
9,"Arjo, W., Pletscher, D., & Ream, R. (2002). Dietary Overlap between Wolves and Coyotes in Northwestern Montana. Journal of Mammalogy, 83(3), 754-766. Canis_latrans Invertebrate","Arjo, W., Pletscher, D., & Ream, R. (2002). Dietary Overlap between Wolves and Coyotes in Northwestern Montana. Journal of Mammalogy, 83(3), 754-766.",Canis_latrans,Invertebrate,19,19,0,,,,,
10,"Arjo, W., Pletscher, D., & Ream, R. (2002). Dietary Overlap between Wolves and Coyotes in Northwestern Montana. Journal of Mammalogy, 83(3), 754-766. Canis_latrans Mammal","Arjo, W., Pletscher, D., & Ream, R. (2002). Dietary Overlap between Wolves and Coyotes in Northwestern Montana. Journal of Mammalogy, 83(3), 754-766.",Canis_latrans,Mammal,752.2,754.1,-1.9,772.2,"Lots of seasons, potentially some typos",,No,-20
11,"Arjo, W., Pletscher, D., & Ream, R. (2002). Dietary Overlap between Wolves and Coyotes in Northwestern Montana. Journal of Mammalogy, 83(3), 754-766. Canis_latrans Plant","Arjo, W., Pletscher, D., & Ream, R. (2002). Dietary Overlap between Wolves and Coyotes in Northwestern Montana. Journal of Mammalogy, 83(3), 754-766.",Canis_latrans,Plant,14.8,14.8,0,,,,,
12,"Arjo, W., Pletscher, D., & Ream, R. (2002). Dietary Overlap between Wolves and Coyotes in Northwestern Montana. Journal of Mammalogy, 83(3), 754-766. Canis_lupus Bird","Arjo, W., Pletscher, D., & Ream, R. (2002). Dietary Overlap between Wolves and Coyotes in Northwestern Montana. Journal of Mammalogy, 83(3), 754-766.",Canis_lupus,Bird,5.8,5.8,0,,,,,
13,"Arjo, W., Pletscher, D., & Ream, R. (2002). Dietary Overlap between Wolves and Coyotes in Northwestern Montana. Journal of Mammalogy, 83(3), 754-766. Canis_lupus Invertebrate","Arjo, W., Pletscher, D., & Ream, R. (2002). Dietary Overlap between Wolves and Coyotes in Northwestern Montana. Journal of Mammalogy, 83(3), 754-766.",Canis_lupus,Invertebrate,2.7,2.7,0,,,,,
14,"Arjo, W., Pletscher, D., & Ream, R. (2002). Dietary Overlap between Wolves and Coyotes in Northwestern Montana. Journal of Mammalogy, 83(3), 754-766. Canis_lupus Mammal","Arjo, W., Pletscher, D., & Ream, R. (2002). Dietary Overlap between Wolves and Coyotes in Northwestern Montana. Journal of Mammalogy, 83(3), 754-766.",Canis_lupus,Mammal,776.3,776.3,0,,,,,
15,"Arjo, W., Pletscher, D., & Ream, R. (2002). Dietary Overlap between Wolves and Coyotes in Northwestern Montana. Journal of Mammalogy, 83(3), 754-766. Canis_lupus Plant","Arjo, W., Pletscher, D., & Ream, R. (2002). Dietary Overlap between Wolves and Coyotes in Northwestern Montana. Journal of Mammalogy, 83(3), 754-766.",Canis_lupus,Plant,17.3,17.3,0,,,,,
16,"Bueno, A. De A., and Junior Motta. ""Feeding habits of the maned wolf, Chrysocyon brachyurus (Carnivora: Canidae), in southeast Brazil.""·Studies on Neotropical Fauna and Environment·44.2 (2009): 67-75. Chrysocyon_brachyurus Bird","Bueno, A. De A., and Junior Motta. ""Feeding habits of the maned wolf, Chrysocyon brachyurus (Carnivora: Canidae), in southeast Brazil.""·Studies on Neotropical Fauna and Environment·44.2 (2009): 67-75.",Chrysocyon_brachyurus,Bird,12.6,183,-170.4,12.6,CarniDIET is correct,,Yes,
17,"Bueno, A. De A., and Junior Motta. ""Feeding habits of the maned wolf, Chrysocyon brachyurus (Carnivora: Canidae), in southeast Brazil.""·Studies on Neotropical Fauna and Environment·44.2 (2009): 67-75. Chrysocyon_brachyurus Fish","Bueno, A. De A., and Junior Motta. ""Feeding habits of the maned wolf, Chrysocyon brachyurus (Carnivora: Canidae), in southeast Brazil.""·Studies on Neotropical Fauna and Environment·44.2 (2009): 67-75.",Chrysocyon_brachyurus,Fish,0.15,2,-1.85,0.132838071,CarniDIET is more correct but still error,,No,0.017161929
18,"Bueno, A. De A., and Junior Motta. ""Feeding habits of the maned wolf, Chrysocyon brachyurus (Carnivora: Canidae), in southeast Brazil.""·Studies on Neotropical Fauna and Environment·44.2 (2009): 67-75. Chrysocyon_brachyurus Invertebrate","Bueno, A. De A., and Junior Motta. ""Feeding habits of the maned wolf, Chrysocyon brachyurus (Carnivora: Canidae), in southeast Brazil.""·Studies on Neotropical Fauna and Environment·44.2 (2009): 67-75.",Chrysocyon_brachyurus,Invertebrate,6.7,136,-129.3,6.7,CarniDIET is correct,,Yes,
19,"Bueno, A. De A., and Junior Motta. ""Feeding habits of the maned wolf, Chrysocyon brachyurus (Carnivora: Canidae), in southeast Brazil.""·Studies on Neotropical Fauna and Environment·44.2 (2009): 67-75. Chrysocyon_brachyurus Mammal","Bueno, A. De A., and Junior Motta. ""Feeding habits of the maned wolf, Chrysocyon brachyurus (Carnivora: Canidae), in southeast Brazil.""·Studies on Neotropical Fauna and Environment·44.2 (2009): 67-75.",Chrysocyon_brachyurus,Mammal,86.47,1730.4,-1643.93,86.51345147,CarniDIET is more correct but still error,,No,-0.043451472
20,"Bueno, A. De A., and Junior Motta. ""Feeding habits of the maned wolf, Chrysocyon brachyurus (Carnivora: Canidae), in southeast Brazil.""·Studies on Neotropical Fauna and Environment·44.2 (2009): 67-75. Chrysocyon_brachyurus Plant","Bueno, A. De A., and Junior Motta. ""Feeding habits of the maned wolf, Chrysocyon brachyurus (Carnivora: Canidae), in southeast Brazil.""·Studies on Neotropical Fauna and Environment·44.2 (2009): 67-75.",Chrysocyon_brachyurus,Plant,90.4,NA,NA,,,,,
21,"Bueno, A. De A., and Junior Motta. ""Feeding habits of the maned wolf, Chrysocyon brachyurus (Carnivora: Canidae), in southeast Brazil.""·Studies on Neotropical Fauna and Environment·44.2 (2009): 67-75. Chrysocyon_brachyurus Reptile","Bueno, A. De A., and Junior Motta. ""Feeding habits of the maned wolf, Chrysocyon brachyurus (Carnivora: Canidae), in southeast Brazil.""·Studies on Neotropical Fauna and Environment·44.2 (2009): 67-75.",Chrysocyon_brachyurus,Reptile,3.85,29,-25.15,3.89375176,CarniDIET is more correct but still error,,No,-0.04375176
22,"Cancio, Inmaculada, et al. ""Landscape degradation affects red fox (Vulpes vulpes) diet and its ecosystem services in the threatened Ziziphus lotus scrubland habitats of semiarid Spain.""·Journal of arid environments·145 (2017): 24-34. Vulpes_vulpes Anthropogenic","Cancio, Inmaculada, et al. ""Landscape degradation affects red fox (Vulpes vulpes) diet and its ecosystem services in the threatened Ziziphus lotus scrubland habitats of semiarid Spain.""·Journal of arid environments·145 (2017): 24-34.",Vulpes_vulpes,Anthropogenic,11,11.8,-0.8,,Jorn measured this.,,No,-0.8
23,"Cancio, Inmaculada, et al. ""Landscape degradation affects red fox (Vulpes vulpes) diet and its ecosystem services in the threatened Ziziphus lotus scrubland habitats of semiarid Spain.""·Journal of arid environments·145 (2017): 24-34. Vulpes_vulpes Invertebrate","Cancio, Inmaculada, et al. ""Landscape degradation affects red fox (Vulpes vulpes) diet and its ecosystem services in the threatened Ziziphus lotus scrubland habitats of semiarid Spain.""·Journal of arid environments·145 (2017): 24-34.",Vulpes_vulpes,Invertebrate,143,144,-1,,Jorn measured this.,,No,-1
24,"Cancio, Inmaculada, et al. ""Landscape degradation affects red fox (Vulpes vulpes) diet and its ecosystem services in the threatened Ziziphus lotus scrubland habitats of semiarid Spain.""·Journal of arid environments·145 (2017): 24-34. Vulpes_vulpes Plant","Cancio, Inmaculada, et al. ""Landscape degradation affects red fox (Vulpes vulpes) diet and its ecosystem services in the threatened Ziziphus lotus scrubland habitats of semiarid Spain.""·Journal of arid environments·145 (2017): 24-34.",Vulpes_vulpes,Plant,949,948.3,0.7,,Jorn measured this.,,No,0.7
25,"Cancio, Inmaculada, et al. ""Landscape degradation affects red fox (Vulpes vulpes) diet and its ecosystem services in the threatened Ziziphus lotus scrubland habitats of semiarid Spain.""·Journal of arid environments·145 (2017): 24-34. Vulpes_vulpes Vertebrate","Cancio, Inmaculada, et al. ""Landscape degradation affects red fox (Vulpes vulpes) diet and its ecosystem services in the threatened Ziziphus lotus scrubland habitats of semiarid Spain.""·Journal of arid environments·145 (2017): 24-34.",Vulpes_vulpes,Vertebrate,392,396.3,-4.3,,Jorn measured this.,,No,-4.3
26,"Comley, Jessica, et al. ""Diet of recently established brown hyaenas in the Eastern Cape, South Africa.""†African Journal of Wildlife Research†48.1 (2018): 1-7. Parahyaena_brunnea Mammal","Comley, Jessica, et al. ""Diet of recently established brown hyaenas in the Eastern Cape, South Africa.""†African Journal of Wildlife Research†48.1 (2018): 1-7.",Parahyaena_brunnea,Mammal,651,NA,NA,,,,,
27,"Davis, Miranda L., Stephens, Philip A., Willis, Stephen G., Bassi, Elena, Marcon, Andrea, Donaggio, Emanuela, . . . Apollonio, Marco. (2012). Prey Selection by an Apex Predator: The Importance of Sampling Uncertainty. PLoS ONE, 7(10), E47894. Canis_lupus Mammal","Davis, Miranda L., Stephens, Philip A., Willis, Stephen G., Bassi, Elena, Marcon, Andrea, Donaggio, Emanuela, . . . Apollonio, Marco. (2012). Prey Selection by an Apex Predator: The Importance of Sampling Uncertainty. PLoS ONE, 7(10), E47894.",Canis_lupus,Mammal,100.1,9.6,90.5,100.1,CarniDIET is correct,,Yes,
28,"Delibes, M., Travaini, A., Zapata, S. C., & Palomares, F. (2003). Alien mammals and the trophic position of the lesser grison (Galictis cuja) in Argentinean Patagonia.·Canadian Journal of Zoology,·81(1), 157-162. Galictis_cuja Bird","Delibes, M., Travaini, A., Zapata, S. C., & Palomares, F. (2003). Alien mammals and the trophic position of the lesser grison (Galictis cuja) in Argentinean Patagonia.·Canadian Journal of Zoology,·81(1), 157-162.",Galictis_cuja,Bird,6.4,16.3,-9.9,21.9,Only recorded the total across sites,6.4,Yes,
29,"Delibes, M., Travaini, A., Zapata, S. C., & Palomares, F. (2003). Alien mammals and the trophic position of the lesser grison (Galictis cuja) in Argentinean Patagonia.·Canadian Journal of Zoology,·81(1), 157-162. Galictis_cuja Invertebrate","Delibes, M., Travaini, A., Zapata, S. C., & Palomares, F. (2003). Alien mammals and the trophic position of the lesser grison (Galictis cuja) in Argentinean Patagonia.·Canadian Journal of Zoology,·81(1), 157-162.",Galictis_cuja,Invertebrate,6.2,19.3,-13.1,26,Only recorded total across sites and missed scorpions ,6.7,No,-0.5
30,"Delibes, M., Travaini, A., Zapata, S. C., & Palomares, F. (2003). Alien mammals and the trophic position of the lesser grison (Galictis cuja) in Argentinean Patagonia.·Canadian Journal of Zoology,·81(1), 157-162. Galictis_cuja Mammal","Delibes, M., Travaini, A., Zapata, S. C., & Palomares, F. (2003). Alien mammals and the trophic position of the lesser grison (Galictis cuja) in Argentinean Patagonia.·Canadian Journal of Zoology,·81(1), 157-162.",Galictis_cuja,Mammal,202.35,616.9,-414.55,876.9,Only recorded total across sites and missed scorpions ,202.3,Yes,
31,"Delibes, M., Travaini, A., Zapata, S. C., & Palomares, F. (2003). Alien mammals and the trophic position of the lesser grison (Galictis cuja) in Argentinean Patagonia.·Canadian Journal of Zoology,·81(1), 157-162. Galictis_cuja Reptile","Delibes, M., Travaini, A., Zapata, S. C., & Palomares, F. (2003). Alien mammals and the trophic position of the lesser grison (Galictis cuja) in Argentinean Patagonia.·Canadian Journal of Zoology,·81(1), 157-162.",Galictis_cuja,Reptile,5.9,11.9,-6,17.1,Only recorded total across sites and missed scorpions ,5.9,Yes,
32,"Diuk-Wasser, M. A., & Cassini, M. H. (1998). A study on the diet of minor grisons and a preliminary analysis of their role in the control of rabbits in Patagonia.·Studies on Neotropical Fauna and Environment,·33(1), 3-6. Galictis_cuja Bird","Diuk-Wasser, M. A., & Cassini, M. H. (1998). A study on the diet of minor grisons and a preliminary analysis of their role in the control of rabbits in Patagonia.·Studies on Neotropical Fauna and Environment,·33(1), 3-6.",Galictis_cuja,Bird,40.7,27.7,13,40.7,CarniDIET is correct,,Yes,
33,"Diuk-Wasser, M. A., & Cassini, M. H. (1998). A study on the diet of minor grisons and a preliminary analysis of their role in the control of rabbits in Patagonia.·Studies on Neotropical Fauna and Environment,·33(1), 3-6. Galictis_cuja Mammal","Diuk-Wasser, M. A., & Cassini, M. H. (1998). A study on the diet of minor grisons and a preliminary analysis of their role in the control of rabbits in Patagonia.·Studies on Neotropical Fauna and Environment,·33(1), 3-6.",Galictis_cuja,Mammal,328.8,254,74.8,328.8,CarniDIET is correct,,Yes,
34,"Diuk-Wasser, M. A., & Cassini, M. H. (1998). A study on the diet of minor grisons and a preliminary analysis of their role in the control of rabbits in Patagonia.·Studies on Neotropical Fauna and Environment,·33(1), 3-6. Galictis_cuja Reptile","Diuk-Wasser, M. A., & Cassini, M. H. (1998). A study on the diet of minor grisons and a preliminary analysis of their role in the control of rabbits in Patagonia.·Studies on Neotropical Fauna and Environment,·33(1), 3-6.",Galictis_cuja,Reptile,30.1,17.9,12.2,30.1,CarniDIET is correct,,Yes,
35,"Ferreras, Pablo, et al. ""Short-term responses of mammalian carnivores to a sudden collapse of rabbits in Mediterranean Spain.""·Basic and Applied Ecology·12.2 (2011): 116-124. Genetta_genetta Amphibian","Ferreras, Pablo, et al. ""Short-term responses of mammalian carnivores to a sudden collapse of rabbits in Mediterranean Spain.""·Basic and Applied Ecology·12.2 (2011): 116-124.",Genetta_genetta,Amphibian,7.7,5.7,2,7.7,CarniDIET is correct,,Yes,
36,"Ferreras, Pablo, et al. ""Short-term responses of mammalian carnivores to a sudden collapse of rabbits in Mediterranean Spain.""·Basic and Applied Ecology·12.2 (2011): 116-124. Genetta_genetta Bird","Ferreras, Pablo, et al. ""Short-term responses of mammalian carnivores to a sudden collapse of rabbits in Mediterranean Spain.""·Basic and Applied Ecology·12.2 (2011): 116-124.",Genetta_genetta,Bird,27.1,15.1,12,27.1,CarniDIET is correct,,Yes,
37,"Ferreras, Pablo, et al. ""Short-term responses of mammalian carnivores to a sudden collapse of rabbits in Mediterranean Spain.""·Basic and Applied Ecology·12.2 (2011): 116-124. Genetta_genetta Invertebrate","Ferreras, Pablo, et al. ""Short-term responses of mammalian carnivores to a sudden collapse of rabbits in Mediterranean Spain.""·Basic and Applied Ecology·12.2 (2011): 116-124.",Genetta_genetta,Invertebrate,12.1,10.5,1.6,12.1,CarniDIET is correct,,Yes,
38,"Ferreras, Pablo, et al. ""Short-term responses of mammalian carnivores to a sudden collapse of rabbits in Mediterranean Spain.""·Basic and Applied Ecology·12.2 (2011): 116-124. Genetta_genetta Mammal","Ferreras, Pablo, et al. ""Short-term responses of mammalian carnivores to a sudden collapse of rabbits in Mediterranean Spain.""·Basic and Applied Ecology·12.2 (2011): 116-124.",Genetta_genetta,Mammal,144.8,63.6,81.2,144.8,CarniDIET is correct,,Yes,
39,"Ferreras, Pablo, et al. ""Short-term responses of mammalian carnivores to a sudden collapse of rabbits in Mediterranean Spain.""·Basic and Applied Ecology·12.2 (2011): 116-124. Genetta_genetta Reptile","Ferreras, Pablo, et al. ""Short-term responses of mammalian carnivores to a sudden collapse of rabbits in Mediterranean Spain.""·Basic and Applied Ecology·12.2 (2011): 116-124.",Genetta_genetta,Reptile,7.4,4.5,2.9,7.4,CarniDIET is correct,,Yes,
40,"Ferreras, Pablo, et al. ""Short-term responses of mammalian carnivores to a sudden collapse of rabbits in Mediterranean Spain.""·Basic and Applied Ecology·12.2 (2011): 116-124. Lynx_pardinus Bird","Ferreras, Pablo, et al. ""Short-term responses of mammalian carnivores to a sudden collapse of rabbits in Mediterranean Spain.""·Basic and Applied Ecology·12.2 (2011): 116-124.",Lynx_pardinus,Bird,25.3,16.2,9.1,25.3,CarniDIET is correct,,Yes,
41,"Ferreras, Pablo, et al. ""Short-term responses of mammalian carnivores to a sudden collapse of rabbits in Mediterranean Spain.""·Basic and Applied Ecology·12.2 (2011): 116-124. Lynx_pardinus Mammal","Ferreras, Pablo, et al. ""Short-term responses of mammalian carnivores to a sudden collapse of rabbits in Mediterranean Spain.""·Basic and Applied Ecology·12.2 (2011): 116-124.",Lynx_pardinus,Mammal,174.7,83.8,90.9,174.7,CarniDIET is correct,,Yes,
42,"Ferreras, Pablo, et al. ""Short-term responses of mammalian carnivores to a sudden collapse of rabbits in Mediterranean Spain.""·Basic and Applied Ecology·12.2 (2011): 116-124. Vulpes_vulpes Bird","Ferreras, Pablo, et al. ""Short-term responses of mammalian carnivores to a sudden collapse of rabbits in Mediterranean Spain.""·Basic and Applied Ecology·12.2 (2011): 116-124.",Vulpes_vulpes,Bird,25.2,23,2.2,25.2,CarniDIET is correct,,Yes,
43,"Ferreras, Pablo, et al. ""Short-term responses of mammalian carnivores to a sudden collapse of rabbits in Mediterranean Spain.""·Basic and Applied Ecology·12.2 (2011): 116-124. Vulpes_vulpes Invertebrate","Ferreras, Pablo, et al. ""Short-term responses of mammalian carnivores to a sudden collapse of rabbits in Mediterranean Spain.""·Basic and Applied Ecology·12.2 (2011): 116-124.",Vulpes_vulpes,Invertebrate,55.7,4.7,51,58.3,Potential typo,,,-2.6
44,"Ferreras, Pablo, et al. ""Short-term responses of mammalian carnivores to a sudden collapse of rabbits in Mediterranean Spain.""·Basic and Applied Ecology·12.2 (2011): 116-124. Vulpes_vulpes Mammal","Ferreras, Pablo, et al. ""Short-term responses of mammalian carnivores to a sudden collapse of rabbits in Mediterranean Spain.""·Basic and Applied Ecology·12.2 (2011): 116-124.",Vulpes_vulpes,Mammal,87.3,63.7,23.6,87.3,CarniDIET is correct,,Yes,
45,"Ferreras, Pablo, et al. ""Short-term responses of mammalian carnivores to a sudden collapse of rabbits in Mediterranean Spain.""·Basic and Applied Ecology·12.2 (2011): 116-124. Vulpes_vulpes Plant","Ferreras, Pablo, et al. ""Short-term responses of mammalian carnivores to a sudden collapse of rabbits in Mediterranean Spain.""·Basic and Applied Ecology·12.2 (2011): 116-124.",Vulpes_vulpes,Plant,28,6.4,21.6,28,CarniDIET is correct,,Yes,
46,"Friesen, O.C., Roth, J.D., 2016. Alternative prey use affects helminth parasite infections in grey wolves. Journal of Animal Ecology 85, 1265-1274. Canis_lupus Mammal","Friesen, O.C., Roth, J.D., 2016. Alternative prey use affects helminth parasite infections in grey wolves. Journal of Animal Ecology 85, 1265-1274.",Canis_lupus,Mammal,95.2,95.2,0,,,,,
47,"Geertsema, A. (1985). ""Aspects of the ecology of the serval Leptailurus serval in the Ngorongoro Crater, Tanzania."" Netherlands journal of zoology 35(4): 527-610. Leptailurus_serval Amphibian","Geertsema, A. (1985). ""Aspects of the ecology of the serval Leptailurus serval in the Ngorongoro Crater, Tanzania."" Netherlands journal of zoology 35(4): 527-610.",Leptailurus_serval,Amphibian,68.91,2,66.91,,Incorrect,,No,
48,"Geertsema, A. (1985). ""Aspects of the ecology of the serval Leptailurus serval in the Ngorongoro Crater, Tanzania."" Netherlands journal of zoology 35(4): 527-610. Leptailurus_serval Bird","Geertsema, A. (1985). ""Aspects of the ecology of the serval Leptailurus serval in the Ngorongoro Crater, Tanzania."" Netherlands journal of zoology 35(4): 527-610.",Leptailurus_serval,Bird,15.08,1.3,13.78,,Incorrect,,No,
49,"Geertsema, A. (1985). ""Aspects of the ecology of the serval Leptailurus serval in the Ngorongoro Crater, Tanzania."" Netherlands journal of zoology 35(4): 527-610. Leptailurus_serval Invertebrate","Geertsema, A. (1985). ""Aspects of the ecology of the serval Leptailurus serval in the Ngorongoro Crater, Tanzania."" Netherlands journal of zoology 35(4): 527-610.",Leptailurus_serval,Invertebrate,14.44,1.4,13.04,,Incorrect,,No,
50,"Geertsema, A. (1985). ""Aspects of the ecology of the serval Leptailurus serval in the Ngorongoro Crater, Tanzania."" Netherlands journal of zoology 35(4): 527-610. Leptailurus_serval Mammal","Geertsema, A. (1985). ""Aspects of the ecology of the serval Leptailurus serval in the Ngorongoro Crater, Tanzania."" Netherlands journal of zoology 35(4): 527-610.",Leptailurus_serval,Mammal,1037.03,89,948.03,,Incorrect,,No,
51,"Geertsema, A. (1985). ""Aspects of the ecology of the serval Leptailurus serval in the Ngorongoro Crater, Tanzania."" Netherlands journal of zoology 35(4): 527-610. Leptailurus_serval Reptile","Geertsema, A. (1985). ""Aspects of the ecology of the serval Leptailurus serval in the Ngorongoro Crater, Tanzania."" Netherlands journal of zoology 35(4): 527-610.",Leptailurus_serval,Reptile,64.83,6.3,58.53,,Incorrect,,No,
52,"Helldin, J. O., and Anna V. Danielsson. ""Changes in red fox Vulpes vulpes diet due to colonisation by lynx Lynx lynx.""·Wildlife Biology·13.4 (2007): 475-480. Vulpes_vulpes Bird","Helldin, J. O., and Anna V. Danielsson. ""Changes in red fox Vulpes vulpes diet due to colonisation by lynx Lynx lynx.""·Wildlife Biology·13.4 (2007): 475-480.",Vulpes_vulpes,Bird,166.2,157.6,8.6,166.2,CarniDIET is correct,,Yes,
53,"Helldin, J. O., and Anna V. Danielsson. ""Changes in red fox Vulpes vulpes diet due to colonisation by lynx Lynx lynx.""·Wildlife Biology·13.4 (2007): 475-480. Vulpes_vulpes Herpetofauna","Helldin, J. O., and Anna V. Danielsson. ""Changes in red fox Vulpes vulpes diet due to colonisation by lynx Lynx lynx.""·Wildlife Biology·13.4 (2007): 475-480.",Vulpes_vulpes,Herpetofauna,12,NA,NA,,,,,
54,"Helldin, J. O., and Anna V. Danielsson. ""Changes in red fox Vulpes vulpes diet due to colonisation by lynx Lynx lynx.""·Wildlife Biology·13.4 (2007): 475-480. Vulpes_vulpes Invertebrate","Helldin, J. O., and Anna V. Danielsson. ""Changes in red fox Vulpes vulpes diet due to colonisation by lynx Lynx lynx.""·Wildlife Biology·13.4 (2007): 475-480.",Vulpes_vulpes,Invertebrate,57.1,194.7,-137.6,61,CarniDIET is correct,,Yes,
55,"Helldin, J. O., and Anna V. Danielsson. ""Changes in red fox Vulpes vulpes diet due to colonisation by lynx Lynx lynx.""·Wildlife Biology·13.4 (2007): 475-480. Vulpes_vulpes Mammal","Helldin, J. O., and Anna V. Danielsson. ""Changes in red fox Vulpes vulpes diet due to colonisation by lynx Lynx lynx.""·Wildlife Biology·13.4 (2007): 475-480.",Vulpes_vulpes,Mammal,803.3,429.3,374,803.3,CarniDIET is correct,,Yes,
56,"Helldin, J. O., and Anna V. Danielsson. ""Changes in red fox Vulpes vulpes diet due to colonisation by lynx Lynx lynx.""·Wildlife Biology·13.4 (2007): 475-480. Vulpes_vulpes Plant","Helldin, J. O., and Anna V. Danielsson. ""Changes in red fox Vulpes vulpes diet due to colonisation by lynx Lynx lynx.""·Wildlife Biology·13.4 (2007): 475-480.",Vulpes_vulpes,Plant,157.3,299.1,-141.8,157.3,CarniDIET is correct,,Yes,
57,"Hidalgo-Mihart, M. G., Cant∑-Salazar, L., L?pez-Gonzﬂlez, C. A., Mart?nez-Meyer, E., & Gonzﬂlez-Romero, A. (2001). Coyote (Canis latrans) food habits in a tropical deciduous forest of western Mexico.·The American Midland Naturalist,·146(1), 210-216. Canis_latrans Bird","Hidalgo-Mihart, M. G., Cant∑-Salazar, L., L?pez-Gonzﬂlez, C. A., Mart?nez-Meyer, E., & Gonzﬂlez-Romero, A. (2001). Coyote (Canis latrans) food habits in a tropical deciduous forest of western Mexico.·The American Midland Naturalist,·146(1), 210-216.",Canis_latrans,Bird,28.7,21.4,7.3,46.1,RFO was not recorded,28.7,Yes,
58,"Hidalgo-Mihart, M. G., Cant∑-Salazar, L., L?pez-Gonzﬂlez, C. A., Mart?nez-Meyer, E., & Gonzﬂlez-Romero, A. (2001). Coyote (Canis latrans) food habits in a tropical deciduous forest of western Mexico.·The American Midland Naturalist,·146(1), 210-216. Canis_latrans Invertebrate","Hidalgo-Mihart, M. G., Cant∑-Salazar, L., L?pez-Gonzﬂlez, C. A., Mart?nez-Meyer, E., & Gonzﬂlez-Romero, A. (2001). Coyote (Canis latrans) food habits in a tropical deciduous forest of western Mexico.·The American Midland Naturalist,·146(1), 210-216.",Canis_latrans,Invertebrate,49,NA,NA,,,,,
59,"Hidalgo-Mihart, M. G., Cant∑-Salazar, L., L?pez-Gonzﬂlez, C. A., Mart?nez-Meyer, E., & Gonzﬂlez-Romero, A. (2001). Coyote (Canis latrans) food habits in a tropical deciduous forest of western Mexico.·The American Midland Naturalist,·146(1), 210-216. Canis_latrans Mammal","Hidalgo-Mihart, M. G., Cant∑-Salazar, L., L?pez-Gonzﬂlez, C. A., Mart?nez-Meyer, E., & Gonzﬂlez-Romero, A. (2001). Coyote (Canis latrans) food habits in a tropical deciduous forest of western Mexico.·The American Midland Naturalist,·146(1), 210-216.",Canis_latrans,Mammal,374.7,NA,NA,,,,,
60,"Hidalgo-Mihart, M. G., Cant∑-Salazar, L., L?pez-Gonzﬂlez, C. A., Mart?nez-Meyer, E., & Gonzﬂlez-Romero, A. (2001). Coyote (Canis latrans) food habits in a tropical deciduous forest of western Mexico.·The American Midland Naturalist,·146(1), 210-216. Canis_latrans Plant","Hidalgo-Mihart, M. G., Cant∑-Salazar, L., L?pez-Gonzﬂlez, C. A., Mart?nez-Meyer, E., & Gonzﬂlez-Romero, A. (2001). Coyote (Canis latrans) food habits in a tropical deciduous forest of western Mexico.·The American Midland Naturalist,·146(1), 210-216.",Canis_latrans,Plant,239,179,60,375.8,RFO was not recorded,239,Yes,
61,"Hidalgo-Mihart, M. G., Cant∑-Salazar, L., L?pez-Gonzﬂlez, C. A., Mart?nez-Meyer, E., & Gonzﬂlez-Romero, A. (2001). Coyote (Canis latrans) food habits in a tropical deciduous forest of western Mexico.·The American Midland Naturalist,·146(1), 210-216. Canis_latrans Reptile","Hidalgo-Mihart, M. G., Cant∑-Salazar, L., L?pez-Gonzﬂlez, C. A., Mart?nez-Meyer, E., & Gonzﬂlez-Romero, A. (2001). Coyote (Canis latrans) food habits in a tropical deciduous forest of western Mexico.·The American Midland Naturalist,·146(1), 210-216.",Canis_latrans,Reptile,64.6,48.2,16.4,97,RFO was not recorded,64.6,Yes,
62,"Johnson, K. G., W. Wang, D. G. Reid, and J. C. Hu. 1993. Food-Habits of Asiatic Leopards (Panthera-Pardus Fusea) in Wolong Reserve, Sichuan, China. Journal of Mammalogy 74:646-650. Panthera_pardus Bird","Johnson, K. G., W. Wang, D. G. Reid, and J. C. Hu. 1993. Food-Habits of Asiatic Leopards (Panthera-Pardus Fusea) in Wolong Reserve, Sichuan, China. Journal of Mammalogy 74:646-650.",Panthera_pardus,Bird,13.7,13.7,0,,,,,
63,"Johnson, K. G., W. Wang, D. G. Reid, and J. C. Hu. 1993. Food-Habits of Asiatic Leopards (Panthera-Pardus Fusea) in Wolong Reserve, Sichuan, China. Journal of Mammalogy 74:646-650. Panthera_pardus Mammal","Johnson, K. G., W. Wang, D. G. Reid, and J. C. Hu. 1993. Food-Habits of Asiatic Leopards (Panthera-Pardus Fusea) in Wolong Reserve, Sichuan, China. Journal of Mammalogy 74:646-650.",Panthera_pardus,Mammal,308.8,294.8,14,296,Incorrect,,No,12.8
64,"Lanszki, J?zsef, et al. ""Feeding habits and trophic niche overlap in a Carnivora community of Hungary.""·Acta Theriologica·44.4 (1999): 429-442. Martes_foina Bird","Lanszki, J?zsef, et al. ""Feeding habits and trophic niche overlap in a Carnivora community of Hungary.""·Acta Theriologica·44.4 (1999): 429-442.",Martes_foina,Bird,49.6,49.6,0,,,,,
65,"Lanszki, J?zsef, et al. ""Feeding habits and trophic niche overlap in a Carnivora community of Hungary.""·Acta Theriologica·44.4 (1999): 429-442. Martes_foina Fish","Lanszki, J?zsef, et al. ""Feeding habits and trophic niche overlap in a Carnivora community of Hungary.""·Acta Theriologica·44.4 (1999): 429-442.",Martes_foina,Fish,2.7,2.7,0,,,,,
66,"Lanszki, J?zsef, et al. ""Feeding habits and trophic niche overlap in a Carnivora community of Hungary.""·Acta Theriologica·44.4 (1999): 429-442. Martes_foina Herpetofauna","Lanszki, J?zsef, et al. ""Feeding habits and trophic niche overlap in a Carnivora community of Hungary.""·Acta Theriologica·44.4 (1999): 429-442.",Martes_foina,Herpetofauna,1.25,1.25,0,,,,,
67,"Lanszki, J?zsef, et al. ""Feeding habits and trophic niche overlap in a Carnivora community of Hungary.""·Acta Theriologica·44.4 (1999): 429-442. Martes_foina Invertebrate","Lanszki, J?zsef, et al. ""Feeding habits and trophic niche overlap in a Carnivora community of Hungary.""·Acta Theriologica·44.4 (1999): 429-442.",Martes_foina,Invertebrate,68.7,68.7,0,,,,,
68,"Lanszki, J?zsef, et al. ""Feeding habits and trophic niche overlap in a Carnivora community of Hungary.""·Acta Theriologica·44.4 (1999): 429-442. Martes_foina Mammal","Lanszki, J?zsef, et al. ""Feeding habits and trophic niche overlap in a Carnivora community of Hungary.""·Acta Theriologica·44.4 (1999): 429-442.",Martes_foina,Mammal,162.05,138.3,23.75,162.05,CarniDIET is correct,,Yes,
69,"Lanszki, J?zsef, et al. ""Feeding habits and trophic niche overlap in a Carnivora community of Hungary.""·Acta Theriologica·44.4 (1999): 429-442. Martes_foina Plant","Lanszki, J?zsef, et al. ""Feeding habits and trophic niche overlap in a Carnivora community of Hungary.""·Acta Theriologica·44.4 (1999): 429-442.",Martes_foina,Plant,115.7,115.7,0,,,,,
70,"Lanszki, J?zsef, et al. ""Feeding habits and trophic niche overlap in a Carnivora community of Hungary.""·Acta Theriologica·44.4 (1999): 429-442. Vulpes_vulpes Bird","Lanszki, J?zsef, et al. ""Feeding habits and trophic niche overlap in a Carnivora community of Hungary.""·Acta Theriologica·44.4 (1999): 429-442.",Vulpes_vulpes,Bird,30.2,30.2,0,,,,,
71,"Lanszki, J?zsef, et al. ""Feeding habits and trophic niche overlap in a Carnivora community of Hungary.""·Acta Theriologica·44.4 (1999): 429-442. Vulpes_vulpes Fish","Lanszki, J?zsef, et al. ""Feeding habits and trophic niche overlap in a Carnivora community of Hungary.""·Acta Theriologica·44.4 (1999): 429-442.",Vulpes_vulpes,Fish,5.8,5.8,0,,,,,
72,"Lanszki, J?zsef, et al. ""Feeding habits and trophic niche overlap in a Carnivora community of Hungary.""·Acta Theriologica·44.4 (1999): 429-442. Vulpes_vulpes Herpetofauna","Lanszki, J?zsef, et al. ""Feeding habits and trophic niche overlap in a Carnivora community of Hungary.""·Acta Theriologica·44.4 (1999): 429-442.",Vulpes_vulpes,Herpetofauna,3.7,3.7,0,,,,,
73,"Lanszki, J?zsef, et al. ""Feeding habits and trophic niche overlap in a Carnivora community of Hungary.""·Acta Theriologica·44.4 (1999): 429-442. Vulpes_vulpes Invertebrate","Lanszki, J?zsef, et al. ""Feeding habits and trophic niche overlap in a Carnivora community of Hungary.""·Acta Theriologica·44.4 (1999): 429-442.",Vulpes_vulpes,Invertebrate,47.4,47.4,0,,,,,
74,"Lanszki, J?zsef, et al. ""Feeding habits and trophic niche overlap in a Carnivora community of Hungary.""·Acta Theriologica·44.4 (1999): 429-442. Vulpes_vulpes Mammal","Lanszki, J?zsef, et al. ""Feeding habits and trophic niche overlap in a Carnivora community of Hungary.""·Acta Theriologica·44.4 (1999): 429-442.",Vulpes_vulpes,Mammal,238.2,154,84.2,238.2,CarniDIET is correct,,Yes,
75,"Lanszki, J?zsef, et al. ""Feeding habits and trophic niche overlap in a Carnivora community of Hungary.""·Acta Theriologica·44.4 (1999): 429-442. Vulpes_vulpes Plant","Lanszki, J?zsef, et al. ""Feeding habits and trophic niche overlap in a Carnivora community of Hungary.""·Acta Theriologica·44.4 (1999): 429-442.",Vulpes_vulpes,Plant,74.7,74.7,0,,,,,
76,"Lenain, Daniel M., Ernst Olfermann, and Stuart Warrington. ""Ecology, diet and behaviour of two fox species in a large, fenced protected area in central Saudi Arabia.""·Journal of Arid Environments·57.1 (2004): 45-60. Vulpes_vulpes Bird","Lenain, Daniel M., Ernst Olfermann, and Stuart Warrington. ""Ecology, diet and behaviour of two fox species in a large, fenced protected area in central Saudi Arabia.""·Journal of Arid Environments·57.1 (2004): 45-60.",Vulpes_vulpes,Bird,2.4,2.4,0,,,,,
77,"Lenain, Daniel M., Ernst Olfermann, and Stuart Warrington. ""Ecology, diet and behaviour of two fox species in a large, fenced protected area in central Saudi Arabia.""·Journal of Arid Environments·57.1 (2004): 45-60. Vulpes_vulpes Invertebrate","Lenain, Daniel M., Ernst Olfermann, and Stuart Warrington. ""Ecology, diet and behaviour of two fox species in a large, fenced protected area in central Saudi Arabia.""·Journal of Arid Environments·57.1 (2004): 45-60.",Vulpes_vulpes,Invertebrate,85.2,85.2,0,,,,,
78,"Lenain, Daniel M., Ernst Olfermann, and Stuart Warrington. ""Ecology, diet and behaviour of two fox species in a large, fenced protected area in central Saudi Arabia.""·Journal of Arid Environments·57.1 (2004): 45-60. Vulpes_vulpes Mammal","Lenain, Daniel M., Ernst Olfermann, and Stuart Warrington. ""Ecology, diet and behaviour of two fox species in a large, fenced protected area in central Saudi Arabia.""·Journal of Arid Environments·57.1 (2004): 45-60.",Vulpes_vulpes,Mammal,79.6,79.6,0,,,,,
79,"Lenain, Daniel M., Ernst Olfermann, and Stuart Warrington. ""Ecology, diet and behaviour of two fox species in a large, fenced protected area in central Saudi Arabia.""·Journal of Arid Environments·57.1 (2004): 45-60. Vulpes_vulpes Other","Lenain, Daniel M., Ernst Olfermann, and Stuart Warrington. ""Ecology, diet and behaviour of two fox species in a large, fenced protected area in central Saudi Arabia.""·Journal of Arid Environments·57.1 (2004): 45-60.",Vulpes_vulpes,Other,25.7,25.7,0,,,,,
80,"Lenain, Daniel M., Ernst Olfermann, and Stuart Warrington. ""Ecology, diet and behaviour of two fox species in a large, fenced protected area in central Saudi Arabia.""·Journal of Arid Environments·57.1 (2004): 45-60. Vulpes_vulpes Plant","Lenain, Daniel M., Ernst Olfermann, and Stuart Warrington. ""Ecology, diet and behaviour of two fox species in a large, fenced protected area in central Saudi Arabia.""·Journal of Arid Environments·57.1 (2004): 45-60.",Vulpes_vulpes,Plant,26.3,36.3,-10,36.3,"CarniDIET is incorrect, likely a typo",,No,-10
81,"Lenain, Daniel M., Ernst Olfermann, and Stuart Warrington. ""Ecology, diet and behaviour of two fox species in a large, fenced protected area in central Saudi Arabia.""·Journal of Arid Environments·57.1 (2004): 45-60. Vulpes_vulpes Reptile","Lenain, Daniel M., Ernst Olfermann, and Stuart Warrington. ""Ecology, diet and behaviour of two fox species in a large, fenced protected area in central Saudi Arabia.""·Journal of Arid Environments·57.1 (2004): 45-60.",Vulpes_vulpes,Reptile,2.4,2.4,0,,,,,
82,"Lovari, Sandro, and Emiliano Mori. ""Seasonal food habits of the endangered Indochinese leopard Panthera pardus delacouri in a protected area of North West Thailand.""†Folia Zoologica†66.4 (2017): 242-248. Panthera_pardus Mammal","Lovari, Sandro, and Emiliano Mori. ""Seasonal food habits of the endangered Indochinese leopard Panthera pardus delacouri in a protected area of North West Thailand.""†Folia Zoologica†66.4 (2017): 242-248.",Panthera_pardus,Mammal,618.5,1435.7,-817.2,618.5,CarniDIET is correct,,Yes,
83,"Maehr, D. S., R. C. Belden, E. D. Land, and L. Wilkins. 1990. Food habits of panthers in southwest Florida. J. Wildl. Mgmt. 54:420-423 Puma_concolor Mammal","Maehr, D. S., R. C. Belden, E. D. Land, and L. Wilkins. 1990. Food habits of panthers in southwest Florida. J. Wildl. Mgmt. 54:420-423",Puma_concolor,Mammal,96.8,621.85,-525.05,298.55,"Only FO, but some weird entries",99,No,-2.2
84,"Marino, J., Mitchell, R., & Johnson, P. J. (2010). Dietary specialization and climatic?linked variations in extant populations of Ethiopian wolves.·African journal of ecology,·48(2), 517-525. Canis_simensis Mammal","Marino, J., Mitchell, R., & Johnson, P. J. (2010). Dietary specialization and climatic?linked variations in extant populations of Ethiopian wolves.·African journal of ecology,·48(2), 517-525.",Canis_simensis,Mammal,595.6,805.3,-209.7,600.4,CarniDIET is more correct but still error,,No,-4.8
85,"Melero, Yolanda, et al. ""Feeding habits of three sympatric mammals in NE Spain: the American mink, the spotted genet, and the Eurasian otter.""·Acta Theriologica·53.3 (2008): 263-273. Genetta_genetta Bird","Melero, Yolanda, et al. ""Feeding habits of three sympatric mammals in NE Spain: the American mink, the spotted genet, and the Eurasian otter.""·Acta Theriologica·53.3 (2008): 263-273.",Genetta_genetta,Bird,49.2,NA,NA,,,,,
86,"Melero, Yolanda, et al. ""Feeding habits of three sympatric mammals in NE Spain: the American mink, the spotted genet, and the Eurasian otter.""·Acta Theriologica·53.3 (2008): 263-273. Genetta_genetta Fish","Melero, Yolanda, et al. ""Feeding habits of three sympatric mammals in NE Spain: the American mink, the spotted genet, and the Eurasian otter.""·Acta Theriologica·53.3 (2008): 263-273.",Genetta_genetta,Fish,92,NA,NA,,,,,
87,"Melero, Yolanda, et al. ""Feeding habits of three sympatric mammals in NE Spain: the American mink, the spotted genet, and the Eurasian otter.""·Acta Theriologica·53.3 (2008): 263-273. Genetta_genetta Invertebrate","Melero, Yolanda, et al. ""Feeding habits of three sympatric mammals in NE Spain: the American mink, the spotted genet, and the Eurasian otter.""·Acta Theriologica·53.3 (2008): 263-273.",Genetta_genetta,Invertebrate,378.42,NA,NA,,,,,
88,"Melero, Yolanda, et al. ""Feeding habits of three sympatric mammals in NE Spain: the American mink, the spotted genet, and the Eurasian otter.""·Acta Theriologica·53.3 (2008): 263-273. Genetta_genetta Mammal","Melero, Yolanda, et al. ""Feeding habits of three sympatric mammals in NE Spain: the American mink, the spotted genet, and the Eurasian otter.""·Acta Theriologica·53.3 (2008): 263-273.",Genetta_genetta,Mammal,99.5,NA,NA,,,,,
89,"Melero, Yolanda, et al. ""Feeding habits of three sympatric mammals in NE Spain: the American mink, the spotted genet, and the Eurasian otter.""·Acta Theriologica·53.3 (2008): 263-273. Genetta_genetta Reptile","Melero, Yolanda, et al. ""Feeding habits of three sympatric mammals in NE Spain: the American mink, the spotted genet, and the Eurasian otter.""·Acta Theriologica·53.3 (2008): 263-273.",Genetta_genetta,Reptile,0.8,NA,NA,,,,,
90,"Melero, Yolanda, et al. ""Feeding habits of three sympatric mammals in NE Spain: the American mink, the spotted genet, and the Eurasian otter.""·Acta Theriologica·53.3 (2008): 263-273. Neovison_vison Bird","Melero, Yolanda, et al. ""Feeding habits of three sympatric mammals in NE Spain: the American mink, the spotted genet, and the Eurasian otter.""·Acta Theriologica·53.3 (2008): 263-273.",Neovison_vison,Bird,83.4,2.5,80.9,83.4,CarniDIET is correct,,Yes,
91,"Melero, Yolanda, et al. ""Feeding habits of three sympatric mammals in NE Spain: the American mink, the spotted genet, and the Eurasian otter.""·Acta Theriologica·53.3 (2008): 263-273. Neovison_vison Fish","Melero, Yolanda, et al. ""Feeding habits of three sympatric mammals in NE Spain: the American mink, the spotted genet, and the Eurasian otter.""·Acta Theriologica·53.3 (2008): 263-273.",Neovison_vison,Fish,96.8,11.7,85.1,96.8,CarniDIET is correct,,Yes,
92,"Melero, Yolanda, et al. ""Feeding habits of three sympatric mammals in NE Spain: the American mink, the spotted genet, and the Eurasian otter.""·Acta Theriologica·53.3 (2008): 263-273. Neovison_vison Invertebrate","Melero, Yolanda, et al. ""Feeding habits of three sympatric mammals in NE Spain: the American mink, the spotted genet, and the Eurasian otter.""·Acta Theriologica·53.3 (2008): 263-273.",Neovison_vison,Invertebrate,389.9,92.5,297.4,389.9,CarniDIET is correct,,Yes,
93,"Melero, Yolanda, et al. ""Feeding habits of three sympatric mammals in NE Spain: the American mink, the spotted genet, and the Eurasian otter.""·Acta Theriologica·53.3 (2008): 263-273. Neovison_vison Mammal","Melero, Yolanda, et al. ""Feeding habits of three sympatric mammals in NE Spain: the American mink, the spotted genet, and the Eurasian otter.""·Acta Theriologica·53.3 (2008): 263-273.",Neovison_vison,Mammal,62.5,12.4,50.1,62.5,CarniDIET is correct,,Yes,
94,"Molsher, R. L., E. J. Gifford, and J. C. McIlroy. ""Temporal, spatial and individual variation in the diet of red foxes (Vulpes vulpes) in central New South Wales.""·Wildlife Research·27.6 (2000): 593-601. Vulpes_vulpes Bird","Molsher, R. L., E. J. Gifford, and J. C. McIlroy. ""Temporal, spatial and individual variation in the diet of red foxes (Vulpes vulpes) in central New South Wales.""·Wildlife Research·27.6 (2000): 593-601.",Vulpes_vulpes,Bird,19.5,19.5,0,,,,,
95,"Molsher, R. L., E. J. Gifford, and J. C. McIlroy. ""Temporal, spatial and individual variation in the diet of red foxes (Vulpes vulpes) in central New South Wales.""·Wildlife Research·27.6 (2000): 593-601. Vulpes_vulpes Fish","Molsher, R. L., E. J. Gifford, and J. C. McIlroy. ""Temporal, spatial and individual variation in the diet of red foxes (Vulpes vulpes) in central New South Wales.""·Wildlife Research·27.6 (2000): 593-601.",Vulpes_vulpes,Fish,3.6,NA,NA,,,,,
96,"Molsher, R. L., E. J. Gifford, and J. C. McIlroy. ""Temporal, spatial and individual variation in the diet of red foxes (Vulpes vulpes) in central New South Wales.""·Wildlife Research·27.6 (2000): 593-601. Vulpes_vulpes Invertebrate","Molsher, R. L., E. J. Gifford, and J. C. McIlroy. ""Temporal, spatial and individual variation in the diet of red foxes (Vulpes vulpes) in central New South Wales.""·Wildlife Research·27.6 (2000): 593-601.",Vulpes_vulpes,Invertebrate,94,94,0,,,,,
97,"Molsher, R. L., E. J. Gifford, and J. C. McIlroy. ""Temporal, spatial and individual variation in the diet of red foxes (Vulpes vulpes) in central New South Wales.""·Wildlife Research·27.6 (2000): 593-601. Vulpes_vulpes Mammal","Molsher, R. L., E. J. Gifford, and J. C. McIlroy. ""Temporal, spatial and individual variation in the diet of red foxes (Vulpes vulpes) in central New South Wales.""·Wildlife Research·27.6 (2000): 593-601.",Vulpes_vulpes,Mammal,188.6,184.9,3.7,188.6,CarniDIET is correct,,Yes,
98,"Molsher, R. L., E. J. Gifford, and J. C. McIlroy. ""Temporal, spatial and individual variation in the diet of red foxes (Vulpes vulpes) in central New South Wales.""·Wildlife Research·27.6 (2000): 593-601. Vulpes_vulpes Other","Molsher, R. L., E. J. Gifford, and J. C. McIlroy. ""Temporal, spatial and individual variation in the diet of red foxes (Vulpes vulpes) in central New South Wales.""·Wildlife Research·27.6 (2000): 593-601.",Vulpes_vulpes,Other,2.7,10,-7.3,2.7,CarniDIET is correct,,Yes,
99,"Molsher, R. L., E. J. Gifford, and J. C. McIlroy. ""Temporal, spatial and individual variation in the diet of red foxes (Vulpes vulpes) in central New South Wales.""·Wildlife Research·27.6 (2000): 593-601. Vulpes_vulpes Plant","Molsher, R. L., E. J. Gifford, and J. C. McIlroy. ""Temporal, spatial and individual variation in the diet of red foxes (Vulpes vulpes) in central New South Wales.""·Wildlife Research·27.6 (2000): 593-601.",Vulpes_vulpes,Plant,77.8,77.8,0,,,,,
100,"Molsher, R. L., E. J. Gifford, and J. C. McIlroy. ""Temporal, spatial and individual variation in the diet of red foxes (Vulpes vulpes) in central New South Wales.""·Wildlife Research·27.6 (2000): 593-601. Vulpes_vulpes Reptile","Molsher, R. L., E. J. Gifford, and J. C. McIlroy. ""Temporal, spatial and individual variation in the diet of red foxes (Vulpes vulpes) in central New South Wales.""·Wildlife Research·27.6 (2000): 593-601.",Vulpes_vulpes,Reptile,11.4,11.4,0,,,,,
101,"Mukherjee, S., S. P. Goyal and R. Chellam (1994). ""Refined Techniques for the Analysis of Asiatic Lion Panthera Leo Persica Scats."" Acta Theriologica 39(4): 425-430. Panthera_leo Mammal","Mukherjee, S., S. P. Goyal and R. Chellam (1994). ""Refined Techniques for the Analysis of Asiatic Lion Panthera Leo Persica Scats."" Acta Theriologica 39(4): 425-430.",Panthera_leo,Mammal,129,489,-360,141,Other not recorded,129,Yes,
102,"Naves, Javier, et al. ""Brown bear food habits at the border of its range: a long-term study.""·Journal of Mammalogy·87.5 (2006): 899-908. Ursus_arctos Invertebrate","Naves, Javier, et al. ""Brown bear food habits at the border of its range: a long-term study.""·Journal of Mammalogy·87.5 (2006): 899-908.",Ursus_arctos,Invertebrate,50,50,0,,,,,
103,"Naves, Javier, et al. ""Brown bear food habits at the border of its range: a long-term study.""·Journal of Mammalogy·87.5 (2006): 899-908. Ursus_arctos Plant","Naves, Javier, et al. ""Brown bear food habits at the border of its range: a long-term study.""·Journal of Mammalogy·87.5 (2006): 899-908.",Ursus_arctos,Plant,619.9,668.4,-48.5,619.9,CarniDIET is correct,,Yes,
104,"Naves, Javier, et al. ""Brown bear food habits at the border of its range: a long-term study.""·Journal of Mammalogy·87.5 (2006): 899-908. Ursus_arctos Vertebrate","Naves, Javier, et al. ""Brown bear food habits at the border of its range: a long-term study.""·Journal of Mammalogy·87.5 (2006): 899-908.",Ursus_arctos,Vertebrate,64.5,64.5,0,,,,,
105,"Nowak, Mys?ajek, K?osi?ska, & Gabry?. (2011). Diet and prey selection of wolves ( Canis lupus) recolonising Western and Central Poland. Mammalian Biology, 76(6), 709-715. Canis_lupus Anthropogenic","Nowak, Mys?ajek, K?osi?ska, & Gabry?. (2011). Diet and prey selection of wolves ( Canis lupus) recolonising Western and Central Poland. Mammalian Biology, 76(6), 709-715.",Canis_lupus,Anthropogenic,3.3,2.9,0.4,3.3,CarniDIET is correct,,Yes,
106,"Nowak, Mys?ajek, K?osi?ska, & Gabry?. (2011). Diet and prey selection of wolves ( Canis lupus) recolonising Western and Central Poland. Mammalian Biology, 76(6), 709-715. Canis_lupus Bird","Nowak, Mys?ajek, K?osi?ska, & Gabry?. (2011). Diet and prey selection of wolves ( Canis lupus) recolonising Western and Central Poland. Mammalian Biology, 76(6), 709-715.",Canis_lupus,Bird,5.25,4.1,1.15,5.3,CarniDIET is correct,,Yes,
107,"Nowak, Mys?ajek, K?osi?ska, & Gabry?. (2011). Diet and prey selection of wolves ( Canis lupus) recolonising Western and Central Poland. Mammalian Biology, 76(6), 709-715. Canis_lupus Invertebrate","Nowak, Mys?ajek, K?osi?ska, & Gabry?. (2011). Diet and prey selection of wolves ( Canis lupus) recolonising Western and Central Poland. Mammalian Biology, 76(6), 709-715.",Canis_lupus,Invertebrate,1.45,1.2,0.25,1.5,CarniDIET is correct,,Yes,
108,"Nowak, Mys?ajek, K?osi?ska, & Gabry?. (2011). Diet and prey selection of wolves ( Canis lupus) recolonising Western and Central Poland. Mammalian Biology, 76(6), 709-715. Canis_lupus Mammal","Nowak, Mys?ajek, K?osi?ska, & Gabry?. (2011). Diet and prey selection of wolves ( Canis lupus) recolonising Western and Central Poland. Mammalian Biology, 76(6), 709-715.",Canis_lupus,Mammal,1084.15,2011.4,-927.25,1085,Maybe didn't do 0.05s and others,1085,Yes,
109,"Nowak, Mys?ajek, K?osi?ska, & Gabry?. (2011). Diet and prey selection of wolves ( Canis lupus) recolonising Western and Central Poland. Mammalian Biology, 76(6), 709-715. Canis_lupus Plant","Nowak, Mys?ajek, K?osi?ska, & Gabry?. (2011). Diet and prey selection of wolves ( Canis lupus) recolonising Western and Central Poland. Mammalian Biology, 76(6), 709-715.",Canis_lupus,Plant,103.95,107.3,-3.35,130,Maybe didn't do 0.05s and others,103.9,No,-26.05
110,"Owen-Smith, N. and M. G. L. Mills (2008). ""Predator-prey size relationships in an African large-mammal food web."" Journal of Animal Ecology 77(1): 173-183. Acinonyx_jubatus Mammal","Owen-Smith, N. and M. G. L. Mills (2008). ""Predator-prey size relationships in an African large-mammal food web."" Journal of Animal Ecology 77(1): 173-183.",Acinonyx_jubatus,Mammal,100.05,250.5,-150.45,,"This will be correct, or at least prey species checked were all okay",,Yes,
111,"Owen-Smith, N. and M. G. L. Mills (2008). ""Predator-prey size relationships in an African large-mammal food web."" Journal of Animal Ecology 77(1): 173-183. Crocuta_crocuta Mammal","Owen-Smith, N. and M. G. L. Mills (2008). ""Predator-prey size relationships in an African large-mammal food web."" Journal of Animal Ecology 77(1): 173-183.",Crocuta_crocuta,Mammal,99.95,NA,NA,,,,Yes,
112,"Owen-Smith, N. and M. G. L. Mills (2008). ""Predator-prey size relationships in an African large-mammal food web."" Journal of Animal Ecology 77(1): 173-183. Lycaon_pictus Mammal","Owen-Smith, N. and M. G. L. Mills (2008). ""Predator-prey size relationships in an African large-mammal food web."" Journal of Animal Ecology 77(1): 173-183.",Lycaon_pictus,Mammal,99.97,304.5,-204.53,,"This will be correct, or at least prey species checked were all okay",,Yes,
113,"Owen-Smith, N. and M. G. L. Mills (2008). ""Predator-prey size relationships in an African large-mammal food web."" Journal of Animal Ecology 77(1): 173-183. Panthera_leo Mammal","Owen-Smith, N. and M. G. L. Mills (2008). ""Predator-prey size relationships in an African large-mammal food web."" Journal of Animal Ecology 77(1): 173-183.",Panthera_leo,Mammal,100.01,457,-356.99,,"This will be correct, or at least prey species checked were all okay",,Yes,
114,"Owen-Smith, N. and M. G. L. Mills (2008). ""Predator-prey size relationships in an African large-mammal food web."" Journal of Animal Ecology 77(1): 173-183. Panthera_pardus Mammal","Owen-Smith, N. and M. G. L. Mills (2008). ""Predator-prey size relationships in an African large-mammal food web."" Journal of Animal Ecology 77(1): 173-183.",Panthera_pardus,Mammal,99.99,62.5,37.49,,"This will be correct, or at least prey species checked were all okay",,Yes,
115,"Palmegiani, I., Gazzola, A., & Apollonio, M. (2013). Wolf diet and its impact on the ungulates community in a new recolonized area of Western Alps: Gran Paradiso National Park.·Folia Zool,·62(1), 59-66. Canis_lupus Mammal","Palmegiani, I., Gazzola, A., & Apollonio, M. (2013). Wolf diet and its impact on the ungulates community in a new recolonized area of Western Alps: Gran Paradiso National Park.·Folia Zool,·62(1), 59-66.",Canis_lupus,Mammal,400.25,400.25,0,,,,,
116,"Parsons, A. W., Simons, T. R., O∆Connell, A. F., & Stoskopf, M. K. (2013). Demographics, diet, movements, and survival of an isolated, unmanaged raccoon Procyon lotor (Procyonidae, Carnivora) population on the Outer Banks of North Carolina.·mammalia,·77(1), 21-30. Procyon_lotor Bird","Parsons, A. W., Simons, T. R., O∆Connell, A. F., & Stoskopf, M. K. (2013). Demographics, diet, movements, and survival of an isolated, unmanaged raccoon Procyon lotor (Procyonidae, Carnivora) population on the Outer Banks of North Carolina.·mammalia,·77(1), 21-30.",Procyon_lotor,Bird,22,25,-3,,Likely only did FO - also from bargraph.,,Yes,
117,"Parsons, A. W., Simons, T. R., O∆Connell, A. F., & Stoskopf, M. K. (2013). Demographics, diet, movements, and survival of an isolated, unmanaged raccoon Procyon lotor (Procyonidae, Carnivora) population on the Outer Banks of North Carolina.·mammalia,·77(1), 21-30. Procyon_lotor Fish","Parsons, A. W., Simons, T. R., O∆Connell, A. F., & Stoskopf, M. K. (2013). Demographics, diet, movements, and survival of an isolated, unmanaged raccoon Procyon lotor (Procyonidae, Carnivora) population on the Outer Banks of North Carolina.·mammalia,·77(1), 21-30.",Procyon_lotor,Fish,15,NA,NA,,Likely only did FO - also from bargraph.,,Yes,
118,"Parsons, A. W., Simons, T. R., O∆Connell, A. F., & Stoskopf, M. K. (2013). Demographics, diet, movements, and survival of an isolated, unmanaged raccoon Procyon lotor (Procyonidae, Carnivora) population on the Outer Banks of North Carolina.·mammalia,·77(1), 21-30. Procyon_lotor Invertebrate","Parsons, A. W., Simons, T. R., O∆Connell, A. F., & Stoskopf, M. K. (2013). Demographics, diet, movements, and survival of an isolated, unmanaged raccoon Procyon lotor (Procyonidae, Carnivora) population on the Outer Banks of North Carolina.·mammalia,·77(1), 21-30.",Procyon_lotor,Invertebrate,96,17.7,78.3,,Likely only did FO - also from bargraph.,,Yes,
119,"Parsons, A. W., Simons, T. R., O∆Connell, A. F., & Stoskopf, M. K. (2013). Demographics, diet, movements, and survival of an isolated, unmanaged raccoon Procyon lotor (Procyonidae, Carnivora) population on the Outer Banks of North Carolina.·mammalia,·77(1), 21-30. Procyon_lotor Mammal","Parsons, A. W., Simons, T. R., O∆Connell, A. F., & Stoskopf, M. K. (2013). Demographics, diet, movements, and survival of an isolated, unmanaged raccoon Procyon lotor (Procyonidae, Carnivora) population on the Outer Banks of North Carolina.·mammalia,·77(1), 21-30.",Procyon_lotor,Mammal,33,NA,NA,,Likely only did FO - also from bargraph.,,Yes,
120,"Parsons, A. W., Simons, T. R., O∆Connell, A. F., & Stoskopf, M. K. (2013). Demographics, diet, movements, and survival of an isolated, unmanaged raccoon Procyon lotor (Procyonidae, Carnivora) population on the Outer Banks of North Carolina.·mammalia,·77(1), 21-30. Procyon_lotor Plant","Parsons, A. W., Simons, T. R., O∆Connell, A. F., & Stoskopf, M. K. (2013). Demographics, diet, movements, and survival of an isolated, unmanaged raccoon Procyon lotor (Procyonidae, Carnivora) population on the Outer Banks of North Carolina.·mammalia,·77(1), 21-30.",Procyon_lotor,Plant,45,12.5,32.5,,Likely only did FO - also from bargraph.,,Yes,
121,"Phillips, R. B., Winchell, C. S., & Schmidt, R. H. (2007). Dietary overlap of an alien and native carnivore on San Clemente Island, California.·Journal of Mammalogy,·88(1), 173-180. Urocyon_littoralis Anthropogenic","Phillips, R. B., Winchell, C. S., & Schmidt, R. H. (2007). Dietary overlap of an alien and native carnivore on San Clemente Island, California.·Journal of Mammalogy,·88(1), 173-180.",Urocyon_littoralis,Anthropogenic,0.2,0.2,0,,,,,
122,"Phillips, R. B., Winchell, C. S., & Schmidt, R. H. (2007). Dietary overlap of an alien and native carnivore on San Clemente Island, California.·Journal of Mammalogy,·88(1), 173-180. Urocyon_littoralis Bird","Phillips, R. B., Winchell, C. S., & Schmidt, R. H. (2007). Dietary overlap of an alien and native carnivore on San Clemente Island, California.·Journal of Mammalogy,·88(1), 173-180.",Urocyon_littoralis,Bird,4,3.4,0.6,3.4,Included eggs in birds,4,No,0.6
123,"Phillips, R. B., Winchell, C. S., & Schmidt, R. H. (2007). Dietary overlap of an alien and native carnivore on San Clemente Island, California.·Journal of Mammalogy,·88(1), 173-180. Urocyon_littoralis Invertebrate","Phillips, R. B., Winchell, C. S., & Schmidt, R. H. (2007). Dietary overlap of an alien and native carnivore on San Clemente Island, California.·Journal of Mammalogy,·88(1), 173-180.",Urocyon_littoralis,Invertebrate,115,115,0,,,,,
124,"Phillips, R. B., Winchell, C. S., & Schmidt, R. H. (2007). Dietary overlap of an alien and native carnivore on San Clemente Island, California.·Journal of Mammalogy,·88(1), 173-180. Urocyon_littoralis Mammal","Phillips, R. B., Winchell, C. S., & Schmidt, R. H. (2007). Dietary overlap of an alien and native carnivore on San Clemente Island, California.·Journal of Mammalogy,·88(1), 173-180.",Urocyon_littoralis,Mammal,29.8,29.8,0,,,,,
125,"Phillips, R. B., Winchell, C. S., & Schmidt, R. H. (2007). Dietary overlap of an alien and native carnivore on San Clemente Island, California.·Journal of Mammalogy,·88(1), 173-180. Urocyon_littoralis Plant","Phillips, R. B., Winchell, C. S., & Schmidt, R. H. (2007). Dietary overlap of an alien and native carnivore on San Clemente Island, California.·Journal of Mammalogy,·88(1), 173-180.",Urocyon_littoralis,Plant,42,42,0,,,,,
126,"Phillips, R. B., Winchell, C. S., & Schmidt, R. H. (2007). Dietary overlap of an alien and native carnivore on San Clemente Island, California.·Journal of Mammalogy,·88(1), 173-180. Urocyon_littoralis Reptile","Phillips, R. B., Winchell, C. S., & Schmidt, R. H. (2007). Dietary overlap of an alien and native carnivore on San Clemente Island, California.·Journal of Mammalogy,·88(1), 173-180.",Urocyon_littoralis,Reptile,8.9,8.8,0.1,8.9,CarniDIET is correct,,Yes,
127,"Popp, J. N., et al. ""Black bear (Ursus americanus) and wolf (Canis spp.) summer diet composition and ungulate prey selectivity in Ontario, Canada.""†Mammal Research†63.4 (2018): 433-441. Canis_lupus Mammal","Popp, J. N., et al. ""Black bear (Ursus americanus) and wolf (Canis spp.) summer diet composition and ungulate prey selectivity in Ontario, Canada.""†Mammal Research†63.4 (2018): 433-441.",Canis_lupus,Mammal,200.01,200.01,0,,,,,
128,"Quinan, Esteban, and Patricio R. De los Rios-Escalante. ""Presence of decapods in the diet of an introduced mink (Neovison vison (Schreber, 1777)) population in a Chilean North Patagonian Lake.""·Crustaceana·84.1 (2011): 125-127. Neovison_vison Amphibian","Quinan, Esteban, and Patricio R. De los Rios-Escalante. ""Presence of decapods in the diet of an introduced mink (Neovison vison (Schreber, 1777)) population in a Chilean North Patagonian Lake.""·Crustaceana·84.1 (2011): 125-127.",Neovison_vison,Amphibian,0.55,1.55,-1,0.55,CarniDIET is correct,,Yes,
129,"Quinan, Esteban, and Patricio R. De los Rios-Escalante. ""Presence of decapods in the diet of an introduced mink (Neovison vison (Schreber, 1777)) population in a Chilean North Patagonian Lake.""·Crustaceana·84.1 (2011): 125-127. Neovison_vison Bird","Quinan, Esteban, and Patricio R. De los Rios-Escalante. ""Presence of decapods in the diet of an introduced mink (Neovison vison (Schreber, 1777)) population in a Chilean North Patagonian Lake.""·Crustaceana·84.1 (2011): 125-127.",Neovison_vison,Bird,101.45,101.45,0,,,,,
130,"Quinan, Esteban, and Patricio R. De los Rios-Escalante. ""Presence of decapods in the diet of an introduced mink (Neovison vison (Schreber, 1777)) population in a Chilean North Patagonian Lake.""·Crustaceana·84.1 (2011): 125-127. Neovison_vison Invertebrate","Quinan, Esteban, and Patricio R. De los Rios-Escalante. ""Presence of decapods in the diet of an introduced mink (Neovison vison (Schreber, 1777)) population in a Chilean North Patagonian Lake.""·Crustaceana·84.1 (2011): 125-127.",Neovison_vison,Invertebrate,63.12,117.41,-54.29,63.12,CarniDIET is correct,,Yes,
131,"Quinan, Esteban, and Patricio R. De los Rios-Escalante. ""Presence of decapods in the diet of an introduced mink (Neovison vison (Schreber, 1777)) population in a Chilean North Patagonian Lake.""·Crustaceana·84.1 (2011): 125-127. Neovison_vison Mammal","Quinan, Esteban, and Patricio R. De los Rios-Escalante. ""Presence of decapods in the diet of an introduced mink (Neovison vison (Schreber, 1777)) population in a Chilean North Patagonian Lake.""·Crustaceana·84.1 (2011): 125-127.",Neovison_vison,Mammal,24.67,62.67,-38,24.67,CarniDIET is correct,,Yes,
132,"Randa, Lynda A., et al. ""Prey switching of sympatric canids in response to variable prey abundance.""·Journal of Mammalogy90.3 (2009): 594-603. Canis_latrans Bird","Randa, Lynda A., et al. ""Prey switching of sympatric canids in response to variable prey abundance.""·Journal of Mammalogy90.3 (2009): 594-603.",Canis_latrans,Bird,22,145,-123,22,CarniDIET is correct,,Yes,
133,"Randa, Lynda A., et al. ""Prey switching of sympatric canids in response to variable prey abundance.""·Journal of Mammalogy90.3 (2009): 594-603. Canis_latrans Mammal","Randa, Lynda A., et al. ""Prey switching of sympatric canids in response to variable prey abundance.""·Journal of Mammalogy90.3 (2009): 594-603.",Canis_latrans,Mammal,381,259,122,381,CarniDIET is correct,,Yes,
134,"Randa, Lynda A., et al. ""Prey switching of sympatric canids in response to variable prey abundance.""·Journal of Mammalogy90.3 (2009): 594-603. Vulpes_vulpes Bird","Randa, Lynda A., et al. ""Prey switching of sympatric canids in response to variable prey abundance.""·Journal of Mammalogy90.3 (2009): 594-603.",Vulpes_vulpes,Bird,9,97,-88,15,CarniDIET is correct,,Yes,
135,"Randa, Lynda A., et al. ""Prey switching of sympatric canids in response to variable prey abundance.""·Journal of Mammalogy90.3 (2009): 594-603. Vulpes_vulpes Mammal","Randa, Lynda A., et al. ""Prey switching of sympatric canids in response to variable prey abundance.""·Journal of Mammalogy90.3 (2009): 594-603.",Vulpes_vulpes,Mammal,371,318,53,411,CarniDIET is correct,,Yes,
136,"Ross, S., B. Munkhtsog and S. Harris (2010). ""Dietary composition, plasticity, and prey selection of Pallas's cats."" Journal of Mammalogy 91(4): 811-817. Otocolobus_manul Bird","Ross, S., B. Munkhtsog and S. Harris (2010). ""Dietary composition, plasticity, and prey selection of Pallas's cats."" Journal of Mammalogy 91(4): 811-817.",Otocolobus_manul,Bird,21.8,21.8,0,,,,,
137,"Ross, S., B. Munkhtsog and S. Harris (2010). ""Dietary composition, plasticity, and prey selection of Pallas's cats."" Journal of Mammalogy 91(4): 811-817. Otocolobus_manul Invertebrate","Ross, S., B. Munkhtsog and S. Harris (2010). ""Dietary composition, plasticity, and prey selection of Pallas's cats."" Journal of Mammalogy 91(4): 811-817.",Otocolobus_manul,Invertebrate,53.4,53.3,0.1,53.3,"CarniDIET is incorrect, likely a typo",,No,-0.1
138,"Ross, S., B. Munkhtsog and S. Harris (2010). ""Dietary composition, plasticity, and prey selection of Pallas's cats."" Journal of Mammalogy 91(4): 811-817. Otocolobus_manul Mammal","Ross, S., B. Munkhtsog and S. Harris (2010). ""Dietary composition, plasticity, and prey selection of Pallas's cats."" Journal of Mammalogy 91(4): 811-817.",Otocolobus_manul,Mammal,460.7,460.7,0,,,,,
139,"Ross, S., B. Munkhtsog and S. Harris (2010). ""Dietary composition, plasticity, and prey selection of Pallas's cats."" Journal of Mammalogy 91(4): 811-817. Otocolobus_manul Reptile","Ross, S., B. Munkhtsog and S. Harris (2010). ""Dietary composition, plasticity, and prey selection of Pallas's cats."" Journal of Mammalogy 91(4): 811-817.",Otocolobus_manul,Reptile,5.6,5.6,0,,,,,
140,"Santos, J. L., A. M. O. Paschoal, R. L. Massara and A. G. Chiarello (2014). ""High consumption of primates by pumas and ocelots in a remnant of the Brazilian Atlantic Forest."" Brazilian Journal of Biology 74(3): 632-641. Leopardus_pardalis Bird","Santos, J. L., A. M. O. Paschoal, R. L. Massara and A. G. Chiarello (2014). ""High consumption of primates by pumas and ocelots in a remnant of the Brazilian Atlantic Forest."" Brazilian Journal of Biology 74(3): 632-641.",Leopardus_pardalis,Bird,29.2,45.8,-16.6,45.8,"CarniDIET is incorrect, likely a typo",,No,-16.6
141,"Santos, J. L., A. M. O. Paschoal, R. L. Massara and A. G. Chiarello (2014). ""High consumption of primates by pumas and ocelots in a remnant of the Brazilian Atlantic Forest."" Brazilian Journal of Biology 74(3): 632-641. Leopardus_pardalis Mammal","Santos, J. L., A. M. O. Paschoal, R. L. Massara and A. G. Chiarello (2014). ""High consumption of primates by pumas and ocelots in a remnant of the Brazilian Atlantic Forest."" Brazilian Journal of Biology 74(3): 632-641.",Leopardus_pardalis,Mammal,275.5,275.6,-0.1,275.6,"CarniDIET is incorrect, likely a typo",,No,-0.1
142,"Santos, J. L., A. M. O. Paschoal, R. L. Massara and A. G. Chiarello (2014). ""High consumption of primates by pumas and ocelots in a remnant of the Brazilian Atlantic Forest."" Brazilian Journal of Biology 74(3): 632-641. Leopardus_pardalis Reptile","Santos, J. L., A. M. O. Paschoal, R. L. Massara and A. G. Chiarello (2014). ""High consumption of primates by pumas and ocelots in a remnant of the Brazilian Atlantic Forest."" Brazilian Journal of Biology 74(3): 632-641.",Leopardus_pardalis,Reptile,45.8,45.8,0,,,,,
143,"Santos, J. L., A. M. O. Paschoal, R. L. Massara and A. G. Chiarello (2014). ""High consumption of primates by pumas and ocelots in a remnant of the Brazilian Atlantic Forest."" Brazilian Journal of Biology 74(3): 632-641. Puma_concolor Bird","Santos, J. L., A. M. O. Paschoal, R. L. Massara and A. G. Chiarello (2014). ""High consumption of primates by pumas and ocelots in a remnant of the Brazilian Atlantic Forest."" Brazilian Journal of Biology 74(3): 632-641.",Puma_concolor,Bird,9.2,9.2,0,,,,,
144,"Santos, J. L., A. M. O. Paschoal, R. L. Massara and A. G. Chiarello (2014). ""High consumption of primates by pumas and ocelots in a remnant of the Brazilian Atlantic Forest."" Brazilian Journal of Biology 74(3): 632-641. Puma_concolor Mammal","Santos, J. L., A. M. O. Paschoal, R. L. Massara and A. G. Chiarello (2014). ""High consumption of primates by pumas and ocelots in a remnant of the Brazilian Atlantic Forest."" Brazilian Journal of Biology 74(3): 632-641.",Puma_concolor,Mammal,249,239.8,9.2,249,CarniDIET is correct,,Yes,
145,"Santos, J. L., A. M. O. Paschoal, R. L. Massara and A. G. Chiarello (2014). ""High consumption of primates by pumas and ocelots in a remnant of the Brazilian Atlantic Forest."" Brazilian Journal of Biology 74(3): 632-641. Puma_concolor Reptile","Santos, J. L., A. M. O. Paschoal, R. L. Massara and A. G. Chiarello (2014). ""High consumption of primates by pumas and ocelots in a remnant of the Brazilian Atlantic Forest."" Brazilian Journal of Biology 74(3): 632-641.",Puma_concolor,Reptile,18.5,18.5,0,,,,,
146,"Sidorovich, Vadim E., Dmitry A. Krasko, and Alexey A. Dyman. ""Landscape-related differences in diet, food supply and distribution pattern of the pine marten, Martes martes in the transitional mixed forest of northern Belarus.""·Folia Zoologica·54.1/2 (2005): 39. Martes_martes Amphibian","Sidorovich, Vadim E., Dmitry A. Krasko, and Alexey A. Dyman. ""Landscape-related differences in diet, food supply and distribution pattern of the pine marten, Martes martes in the transitional mixed forest of northern Belarus.""·Folia Zoologica·54.1/2 (2005): 39.",Martes_martes,Amphibian,4.21,2.9,1.31,4.21,CarniDIET is correct,,Yes,
147,"Sidorovich, Vadim E., Dmitry A. Krasko, and Alexey A. Dyman. ""Landscape-related differences in diet, food supply and distribution pattern of the pine marten, Martes martes in the transitional mixed forest of northern Belarus.""·Folia Zoologica·54.1/2 (2005): 39. Martes_martes Bird","Sidorovich, Vadim E., Dmitry A. Krasko, and Alexey A. Dyman. ""Landscape-related differences in diet, food supply and distribution pattern of the pine marten, Martes martes in the transitional mixed forest of northern Belarus.""·Folia Zoologica·54.1/2 (2005): 39.",Martes_martes,Bird,76.1,30.5,45.6,76.1,CarniDIET is correct,,Yes,
148,"Sidorovich, Vadim E., Dmitry A. Krasko, and Alexey A. Dyman. ""Landscape-related differences in diet, food supply and distribution pattern of the pine marten, Martes martes in the transitional mixed forest of northern Belarus.""·Folia Zoologica·54.1/2 (2005): 39. Martes_martes Egg","Sidorovich, Vadim E., Dmitry A. Krasko, and Alexey A. Dyman. ""Landscape-related differences in diet, food supply and distribution pattern of the pine marten, Martes martes in the transitional mixed forest of northern Belarus.""·Folia Zoologica·54.1/2 (2005): 39.",Martes_martes,Egg,15.1,6.4,8.7,15.1,CarniDIET is correct,,Yes,
149,"Sidorovich, Vadim E., Dmitry A. Krasko, and Alexey A. Dyman. ""Landscape-related differences in diet, food supply and distribution pattern of the pine marten, Martes martes in the transitional mixed forest of northern Belarus.""·Folia Zoologica·54.1/2 (2005): 39. Martes_martes Invertebrate","Sidorovich, Vadim E., Dmitry A. Krasko, and Alexey A. Dyman. ""Landscape-related differences in diet, food supply and distribution pattern of the pine marten, Martes martes in the transitional mixed forest of northern Belarus.""·Folia Zoologica·54.1/2 (2005): 39.",Martes_martes,Invertebrate,79.4,62.1,17.3,79.4,CarniDIET is correct,,Yes,
150,"Sidorovich, Vadim E., Dmitry A. Krasko, and Alexey A. Dyman. ""Landscape-related differences in diet, food supply and distribution pattern of the pine marten, Martes martes in the transitional mixed forest of northern Belarus.""·Folia Zoologica·54.1/2 (2005): 39. Martes_martes Mammal","Sidorovich, Vadim E., Dmitry A. Krasko, and Alexey A. Dyman. ""Landscape-related differences in diet, food supply and distribution pattern of the pine marten, Martes martes in the transitional mixed forest of northern Belarus.""·Folia Zoologica·54.1/2 (2005): 39.",Martes_martes,Mammal,430,177.9,252.1,430,CarniDIET is correct,,Yes,
151,"Sidorovich, Vadim E., Dmitry A. Krasko, and Alexey A. Dyman. ""Landscape-related differences in diet, food supply and distribution pattern of the pine marten, Martes martes in the transitional mixed forest of northern Belarus.""·Folia Zoologica·54.1/2 (2005): 39. Martes_martes Other","Sidorovich, Vadim E., Dmitry A. Krasko, and Alexey A. Dyman. ""Landscape-related differences in diet, food supply and distribution pattern of the pine marten, Martes martes in the transitional mixed forest of northern Belarus.""·Folia Zoologica·54.1/2 (2005): 39.",Martes_martes,Other,13,NA,NA,,,,,
152,"Sidorovich, Vadim E., Dmitry A. Krasko, and Alexey A. Dyman. ""Landscape-related differences in diet, food supply and distribution pattern of the pine marten, Martes martes in the transitional mixed forest of northern Belarus.""·Folia Zoologica·54.1/2 (2005): 39. Martes_martes Plant","Sidorovich, Vadim E., Dmitry A. Krasko, and Alexey A. Dyman. ""Landscape-related differences in diet, food supply and distribution pattern of the pine marten, Martes martes in the transitional mixed forest of northern Belarus.""·Folia Zoologica·54.1/2 (2005): 39.",Martes_martes,Plant,156.21,84.7,71.51,157.91,"CarniDIET is incorrect, likely a typo",,No,-1.7
153,"Sidorovich, Vadim E., Dmitry A. Krasko, and Alexey A. Dyman. ""Landscape-related differences in diet, food supply and distribution pattern of the pine marten, Martes martes in the transitional mixed forest of northern Belarus.""·Folia Zoologica·54.1/2 (2005): 39. Martes_martes Reptile","Sidorovich, Vadim E., Dmitry A. Krasko, and Alexey A. Dyman. ""Landscape-related differences in diet, food supply and distribution pattern of the pine marten, Martes martes in the transitional mixed forest of northern Belarus.""·Folia Zoologica·54.1/2 (2005): 39.",Martes_martes,Reptile,32.4,23.8,8.6,32.4,CarniDIET is correct,,Yes,
154,"Sliwa, A. (2006). ""Seasonal and sex-specific prey composition of black-footed catsFelis nigripes."" Acta theriologica 51(2): 195-204. Felis_nigripes Amphibian","Sliwa, A. (2006). ""Seasonal and sex-specific prey composition of black-footed catsFelis nigripes."" Acta theriologica 51(2): 195-204.",Felis_nigripes,Amphibian,0.803782506,0.61,0.193782506,2.217889911,Only FO recorded,0.803782506,Yes,
155,"Sliwa, A. (2006). ""Seasonal and sex-specific prey composition of black-footed catsFelis nigripes."" Acta theriologica 51(2): 195-204. Felis_nigripes Bird","Sliwa, A. (2006). ""Seasonal and sex-specific prey composition of black-footed catsFelis nigripes."" Acta theriologica 51(2): 195-204.",Felis_nigripes,Bird,14.23167849,25.91,-11.67832151,40.1401463,Only FO recorded,14.23167849,Yes,
156,"Sliwa, A. (2006). ""Seasonal and sex-specific prey composition of black-footed catsFelis nigripes."" Acta theriologica 51(2): 195-204. Felis_nigripes Invertebrate","Sliwa, A. (2006). ""Seasonal and sex-specific prey composition of black-footed catsFelis nigripes."" Acta theriologica 51(2): 195-204.",Felis_nigripes,Invertebrate,26.05200946,0.6,25.45200946,27.46611686,Only FO recorded,26.65084065,No,-0.598831193
157,"Sliwa, A. (2006). ""Seasonal and sex-specific prey composition of black-footed catsFelis nigripes."" Acta theriologica 51(2): 195-204. Felis_nigripes Mammal","Sliwa, A. (2006). ""Seasonal and sex-specific prey composition of black-footed catsFelis nigripes."" Acta theriologica 51(2): 195-204.",Felis_nigripes,Mammal,58.2033097,72.08,-13.8766903,130.9911231,Only FO recorded,58.91252955,No,-0.709219855
158,"Swingen, M. B., DePerno, C. S., & Moorman, C. E. (2015). Seasonal coyote diet composition at a low-productivity site.·Southeastern Naturalist,·14(2), 397-404. Canis_latrans Anthropogenic","Swingen, M. B., DePerno, C. S., & Moorman, C. E. (2015). Seasonal coyote diet composition at a low-productivity site.·Southeastern Naturalist,·14(2), 397-404.",Canis_latrans,Anthropogenic,36.2,87.1,-50.9,36.2,CarniDIET is correct,,Yes,
159,"Swingen, M. B., DePerno, C. S., & Moorman, C. E. (2015). Seasonal coyote diet composition at a low-productivity site.·Southeastern Naturalist,·14(2), 397-404. Canis_latrans Bird","Swingen, M. B., DePerno, C. S., & Moorman, C. E. (2015). Seasonal coyote diet composition at a low-productivity site.·Southeastern Naturalist,·14(2), 397-404.",Canis_latrans,Bird,18.6,44.5,-25.9,18.6,CarniDIET is correct,,Yes,
160,"Swingen, M. B., DePerno, C. S., & Moorman, C. E. (2015). Seasonal coyote diet composition at a low-productivity site.·Southeastern Naturalist,·14(2), 397-404. Canis_latrans Invertebrate","Swingen, M. B., DePerno, C. S., & Moorman, C. E. (2015). Seasonal coyote diet composition at a low-productivity site.·Southeastern Naturalist,·14(2), 397-404.",Canis_latrans,Invertebrate,101.8,233.2,-131.4,101.8,CarniDIET is correct,,Yes,
161,"Swingen, M. B., DePerno, C. S., & Moorman, C. E. (2015). Seasonal coyote diet composition at a low-productivity site.·Southeastern Naturalist,·14(2), 397-404. Canis_latrans Mammal","Swingen, M. B., DePerno, C. S., & Moorman, C. E. (2015). Seasonal coyote diet composition at a low-productivity site.·Southeastern Naturalist,·14(2), 397-404.",Canis_latrans,Mammal,179.5,439.1,-259.6,179.4,CarniDIET is correct,,Yes,
162,"Warrick, Gregory D., et al. ""Use of agricultural lands by San Joaquin kit foxes.""·Western North American Naturalist·67.2 (2007): 270-277. Vulpes_macrotis Anthropogenic","Warrick, Gregory D., et al. ""Use of agricultural lands by San Joaquin kit foxes.""·Western North American Naturalist·67.2 (2007): 270-277.",Vulpes_macrotis,Anthropogenic,6.3,6.3,0,,,,,
163,"Warrick, Gregory D., et al. ""Use of agricultural lands by San Joaquin kit foxes.""·Western North American Naturalist·67.2 (2007): 270-277. Vulpes_macrotis Bird","Warrick, Gregory D., et al. ""Use of agricultural lands by San Joaquin kit foxes.""·Western North American Naturalist·67.2 (2007): 270-277.",Vulpes_macrotis,Bird,1.9,1.9,0,,,,,
164,"Warrick, Gregory D., et al. ""Use of agricultural lands by San Joaquin kit foxes.""·Western North American Naturalist·67.2 (2007): 270-277. Vulpes_macrotis Invertebrate","Warrick, Gregory D., et al. ""Use of agricultural lands by San Joaquin kit foxes.""·Western North American Naturalist·67.2 (2007): 270-277.",Vulpes_macrotis,Invertebrate,30,30,0,,,,,
165,"Warrick, Gregory D., et al. ""Use of agricultural lands by San Joaquin kit foxes.""·Western North American Naturalist·67.2 (2007): 270-277. Vulpes_macrotis Mammal","Warrick, Gregory D., et al. ""Use of agricultural lands by San Joaquin kit foxes.""·Western North American Naturalist·67.2 (2007): 270-277.",Vulpes_macrotis,Mammal,105.4,111.2,-5.8,102.5,"CarniDIET is incorrect, likely a typo",,No,2.9
166,"Yang, Haitao, et al. ""Seasonal food habits and prey selection of Amur tigers and Amur leopards in Northeast China.""†Scientific reports†8.1 (2018): 6930. Panthera_pardus Mammal","Yang, Haitao, et al. ""Seasonal food habits and prey selection of Amur tigers and Amur leopards in Northeast China.""†Scientific reports†8.1 (2018): 6930.",Panthera_pardus,Mammal,599.99,599.99,0,,,,,
167,"Yang, Haitao, et al. ""Seasonal food habits and prey selection of Amur tigers and Amur leopards in Northeast China.""†Scientific reports†8.1 (2018): 6930. Panthera_tigris Mammal","Yang, Haitao, et al. ""Seasonal food habits and prey selection of Amur tigers and Amur leopards in Northeast China.""†Scientific reports†8.1 (2018): 6930.",Panthera_tigris,Mammal,600.43,592.54,7.89,600.88,"CarniDIET is incorrect, likely a typo",,No,-0.45
168,"Zapata, S. C., Travaini, A., Delibes, M., & Mart?nez-Peck, R. (2005). Food habits and resource partitioning between grey and culpeo foxes in southeastern Argentine Patagonia.·Studies on Neotropical Fauna and Environment,·40(2), 97-103. Lycalopex_culpaeus Bird","Zapata, S. C., Travaini, A., Delibes, M., & Mart?nez-Peck, R. (2005). Food habits and resource partitioning between grey and culpeo foxes in southeastern Argentine Patagonia.·Studies on Neotropical Fauna and Environment,·40(2), 97-103.",Lycalopex_culpaeus,Bird,31.7,31.7,0,,,,,
169,"Zapata, S. C., Travaini, A., Delibes, M., & Mart?nez-Peck, R. (2005). Food habits and resource partitioning between grey and culpeo foxes in southeastern Argentine Patagonia.·Studies on Neotropical Fauna and Environment,·40(2), 97-103. Lycalopex_culpaeus Invertebrate","Zapata, S. C., Travaini, A., Delibes, M., & Mart?nez-Peck, R. (2005). Food habits and resource partitioning between grey and culpeo foxes in southeastern Argentine Patagonia.·Studies on Neotropical Fauna and Environment,·40(2), 97-103.",Lycalopex_culpaeus,Invertebrate,22.2,22.2,0,,,,,
170,"Zapata, S. C., Travaini, A., Delibes, M., & Mart?nez-Peck, R. (2005). Food habits and resource partitioning between grey and culpeo foxes in southeastern Argentine Patagonia.·Studies on Neotropical Fauna and Environment,·40(2), 97-103. Lycalopex_culpaeus Mammal","Zapata, S. C., Travaini, A., Delibes, M., & Mart?nez-Peck, R. (2005). Food habits and resource partitioning between grey and culpeo foxes in southeastern Argentine Patagonia.·Studies on Neotropical Fauna and Environment,·40(2), 97-103.",Lycalopex_culpaeus,Mammal,241.71,259.21,-17.5,259.21,Guanacoe (carrion) not recorded,241.21,No,0.5
171,"Zapata, S. C., Travaini, A., Delibes, M., & Mart?nez-Peck, R. (2005). Food habits and resource partitioning between grey and culpeo foxes in southeastern Argentine Patagonia.·Studies on Neotropical Fauna and Environment,·40(2), 97-103. Lycalopex_culpaeus Plant","Zapata, S. C., Travaini, A., Delibes, M., & Mart?nez-Peck, R. (2005). Food habits and resource partitioning between grey and culpeo foxes in southeastern Argentine Patagonia.·Studies on Neotropical Fauna and Environment,·40(2), 97-103.",Lycalopex_culpaeus,Plant,71.6,71.6,0,,,,,
172,"Zapata, S. C., Travaini, A., Delibes, M., & Mart?nez-Peck, R. (2005). Food habits and resource partitioning between grey and culpeo foxes in southeastern Argentine Patagonia.·Studies on Neotropical Fauna and Environment,·40(2), 97-103. Lycalopex_culpaeus Reptile","Zapata, S. C., Travaini, A., Delibes, M., & Mart?nez-Peck, R. (2005). Food habits and resource partitioning between grey and culpeo foxes in southeastern Argentine Patagonia.·Studies on Neotropical Fauna and Environment,·40(2), 97-103.",Lycalopex_culpaeus,Reptile,3.5,3.5,0,,,,,
173,"Zapata, S. C., Travaini, A., Delibes, M., & Mart?nez-Peck, R. (2005). Food habits and resource partitioning between grey and culpeo foxes in southeastern Argentine Patagonia.·Studies on Neotropical Fauna and Environment,·40(2), 97-103. Lycalopex_griseus Bird","Zapata, S. C., Travaini, A., Delibes, M., & Mart?nez-Peck, R. (2005). Food habits and resource partitioning between grey and culpeo foxes in southeastern Argentine Patagonia.·Studies on Neotropical Fauna and Environment,·40(2), 97-103.",Lycalopex_griseus,Bird,20.8,28.3,-7.5,21,"CarniDIET is incorrect, likely a typo",,No,-0.2
174,"Zapata, S. C., Travaini, A., Delibes, M., & Mart?nez-Peck, R. (2005). Food habits and resource partitioning between grey and culpeo foxes in southeastern Argentine Patagonia.·Studies on Neotropical Fauna and Environment,·40(2), 97-103. Lycalopex_griseus Invertebrate","Zapata, S. C., Travaini, A., Delibes, M., & Mart?nez-Peck, R. (2005). Food habits and resource partitioning between grey and culpeo foxes in southeastern Argentine Patagonia.·Studies on Neotropical Fauna and Environment,·40(2), 97-103.",Lycalopex_griseus,Invertebrate,253.3,253.3,0,,,,,
175,"Zapata, S. C., Travaini, A., Delibes, M., & Mart?nez-Peck, R. (2005). Food habits and resource partitioning between grey and culpeo foxes in southeastern Argentine Patagonia.·Studies on Neotropical Fauna and Environment,·40(2), 97-103. Lycalopex_griseus Mammal","Zapata, S. C., Travaini, A., Delibes, M., & Mart?nez-Peck, R. (2005). Food habits and resource partitioning between grey and culpeo foxes in southeastern Argentine Patagonia.·Studies on Neotropical Fauna and Environment,·40(2), 97-103.",Lycalopex_griseus,Mammal,255.3,270.2,-14.9,271.5,Guanacoe (carrion) not recorded,255.3,Yes,
176,"Zapata, S. C., Travaini, A., Delibes, M., & Mart?nez-Peck, R. (2005). Food habits and resource partitioning between grey and culpeo foxes in southeastern Argentine Patagonia.·Studies on Neotropical Fauna and Environment,·40(2), 97-103. Lycalopex_griseus Plant","Zapata, S. C., Travaini, A., Delibes, M., & Mart?nez-Peck, R. (2005). Food habits and resource partitioning between grey and culpeo foxes in southeastern Argentine Patagonia.·Studies on Neotropical Fauna and Environment,·40(2), 97-103.",Lycalopex_griseus,Plant,2.4,2.4,0,,,,,
177,"Zapata, S. C., Travaini, A., Delibes, M., & Mart?nez-Peck, R. (2005). Food habits and resource partitioning between grey and culpeo foxes in southeastern Argentine Patagonia.·Studies on Neotropical Fauna and Environment,·40(2), 97-103. Lycalopex_griseus Reptile","Zapata, S. C., Travaini, A., Delibes, M., & Mart?nez-Peck, R. (2005). Food habits and resource partitioning between grey and culpeo foxes in southeastern Argentine Patagonia.·Studies on Neotropical Fauna and Environment,·40(2), 97-103.",Lycalopex_griseus,Reptile,5.7,5.7,0,,,,,
178,"Zuberbuhler, K. and D. Jenny (2002). ""Leopard predation and primate evolution."" Journal of Human Evolution 43(6): 873-886. Panthera_pardus Bird","Zuberbuhler, K. and D. Jenny (2002). ""Leopard predation and primate evolution."" Journal of Human Evolution 43(6): 873-886.",Panthera_pardus,Bird,1,8,-7,1,CarniDIET is correct,,Yes,
179,"Zuberbuhler, K. and D. Jenny (2002). ""Leopard predation and primate evolution."" Journal of Human Evolution 43(6): 873-886. Panthera_pardus Mammal","Zuberbuhler, K. and D. Jenny (2002). ""Leopard predation and primate evolution."" Journal of Human Evolution 43(6): 873-886.",Panthera_pardus,Mammal,110.5,1155,-1044.5,113.5,"CarniDIET is incorrect, likely a typo",,No,-3
